"location","age_group","forecast_date","target_end_date","horizon","type","quantile","value"
"DE","00+",2026-04-16,2026-04-12,0,"mean",NA,780529
"DE","00+",2026-04-16,2026-04-12,0,"quantile",0.025,759884
"DE","00+",2026-04-16,2026-04-12,0,"quantile",0.05,759884
"DE","00+",2026-04-16,2026-04-12,0,"quantile",0.075,759884
"DE","00+",2026-04-16,2026-04-12,0,"quantile",0.1,759885
"DE","00+",2026-04-16,2026-04-12,0,"quantile",0.125,759888
"DE","00+",2026-04-16,2026-04-12,0,"quantile",0.15,759893
"DE","00+",2026-04-16,2026-04-12,0,"quantile",0.175,759902
"DE","00+",2026-04-16,2026-04-12,0,"quantile",0.2,759918
"DE","00+",2026-04-16,2026-04-12,0,"quantile",0.225,759943
"DE","00+",2026-04-16,2026-04-12,0,"quantile",0.25,759981
"DE","00+",2026-04-16,2026-04-12,0,"quantile",0.275,760035
"DE","00+",2026-04-16,2026-04-12,0,"quantile",0.3,760112
"DE","00+",2026-04-16,2026-04-12,0,"quantile",0.325,760215
"DE","00+",2026-04-16,2026-04-12,0,"quantile",0.35,760353
"DE","00+",2026-04-16,2026-04-12,0,"quantile",0.375,760533
"DE","00+",2026-04-16,2026-04-12,0,"quantile",0.4,760764
"DE","00+",2026-04-16,2026-04-12,0,"quantile",0.425,761056
"DE","00+",2026-04-16,2026-04-12,0,"quantile",0.45,761420
"DE","00+",2026-04-16,2026-04-12,0,"quantile",0.475,761870
"DE","00+",2026-04-16,2026-04-12,0,"quantile",0.5,762420
"DE","00+",2026-04-16,2026-04-12,0,"quantile",0.525,763089
"DE","00+",2026-04-16,2026-04-12,0,"quantile",0.55,763896
"DE","00+",2026-04-16,2026-04-12,0,"quantile",0.575,764864
"DE","00+",2026-04-16,2026-04-12,0,"quantile",0.6,766020
"DE","00+",2026-04-16,2026-04-12,0,"quantile",0.625,767398
"DE","00+",2026-04-16,2026-04-12,0,"quantile",0.65,769034
"DE","00+",2026-04-16,2026-04-12,0,"quantile",0.675,770978
"DE","00+",2026-04-16,2026-04-12,0,"quantile",0.7,773286
"DE","00+",2026-04-16,2026-04-12,0,"quantile",0.725,776031
"DE","00+",2026-04-16,2026-04-12,0,"quantile",0.75,779308
"DE","00+",2026-04-16,2026-04-12,0,"quantile",0.775,783240
"DE","00+",2026-04-16,2026-04-12,0,"quantile",0.8,787996
"DE","00+",2026-04-16,2026-04-12,0,"quantile",0.825,793813
"DE","00+",2026-04-16,2026-04-12,0,"quantile",0.85,801040
"DE","00+",2026-04-16,2026-04-12,0,"quantile",0.875,810226
"DE","00+",2026-04-16,2026-04-12,0,"quantile",0.9,822298
"DE","00+",2026-04-16,2026-04-12,0,"quantile",0.925,839016
"DE","00+",2026-04-16,2026-04-12,0,"quantile",0.95,864403
"DE","00+",2026-04-16,2026-04-12,0,"quantile",0.975,911580
"DE","00+",2026-04-16,2026-04-05,-1,"mean",NA,768572
"DE","00+",2026-04-16,2026-04-05,-1,"quantile",0.025,763210
"DE","00+",2026-04-16,2026-04-05,-1,"quantile",0.05,763210
"DE","00+",2026-04-16,2026-04-05,-1,"quantile",0.075,763210
"DE","00+",2026-04-16,2026-04-05,-1,"quantile",0.1,763210
"DE","00+",2026-04-16,2026-04-05,-1,"quantile",0.125,763210
"DE","00+",2026-04-16,2026-04-05,-1,"quantile",0.15,763210
"DE","00+",2026-04-16,2026-04-05,-1,"quantile",0.175,763210
"DE","00+",2026-04-16,2026-04-05,-1,"quantile",0.2,763210
"DE","00+",2026-04-16,2026-04-05,-1,"quantile",0.225,763210
"DE","00+",2026-04-16,2026-04-05,-1,"quantile",0.25,763210
"DE","00+",2026-04-16,2026-04-05,-1,"quantile",0.275,763210
"DE","00+",2026-04-16,2026-04-05,-1,"quantile",0.3,763210
"DE","00+",2026-04-16,2026-04-05,-1,"quantile",0.325,763210
"DE","00+",2026-04-16,2026-04-05,-1,"quantile",0.35,763211
"DE","00+",2026-04-16,2026-04-05,-1,"quantile",0.375,763212
"DE","00+",2026-04-16,2026-04-05,-1,"quantile",0.4,763213
"DE","00+",2026-04-16,2026-04-05,-1,"quantile",0.425,763216
"DE","00+",2026-04-16,2026-04-05,-1,"quantile",0.45,763221
"DE","00+",2026-04-16,2026-04-05,-1,"quantile",0.475,763229
"DE","00+",2026-04-16,2026-04-05,-1,"quantile",0.5,763242
"DE","00+",2026-04-16,2026-04-05,-1,"quantile",0.525,763262
"DE","00+",2026-04-16,2026-04-05,-1,"quantile",0.55,763293
"DE","00+",2026-04-16,2026-04-05,-1,"quantile",0.575,763339
"DE","00+",2026-04-16,2026-04-05,-1,"quantile",0.6,763408
"DE","00+",2026-04-16,2026-04-05,-1,"quantile",0.625,763509
"DE","00+",2026-04-16,2026-04-05,-1,"quantile",0.65,763653
"DE","00+",2026-04-16,2026-04-05,-1,"quantile",0.675,763858
"DE","00+",2026-04-16,2026-04-05,-1,"quantile",0.7,764146
"DE","00+",2026-04-16,2026-04-05,-1,"quantile",0.725,764549
"DE","00+",2026-04-16,2026-04-05,-1,"quantile",0.75,765106
"DE","00+",2026-04-16,2026-04-05,-1,"quantile",0.775,765875
"DE","00+",2026-04-16,2026-04-05,-1,"quantile",0.8,766935
"DE","00+",2026-04-16,2026-04-05,-1,"quantile",0.825,768399
"DE","00+",2026-04-16,2026-04-05,-1,"quantile",0.85,770436
"DE","00+",2026-04-16,2026-04-05,-1,"quantile",0.875,773314
"DE","00+",2026-04-16,2026-04-05,-1,"quantile",0.9,777487
"DE","00+",2026-04-16,2026-04-05,-1,"quantile",0.925,783826
"DE","00+",2026-04-16,2026-04-05,-1,"quantile",0.95,794334
"DE","00+",2026-04-16,2026-04-05,-1,"quantile",0.975,815637
"DE","00+",2026-04-16,2026-03-29,-2,"mean",NA,959102
"DE","00+",2026-04-16,2026-03-29,-2,"quantile",0.025,957753
"DE","00+",2026-04-16,2026-03-29,-2,"quantile",0.05,957753
"DE","00+",2026-04-16,2026-03-29,-2,"quantile",0.075,957753
"DE","00+",2026-04-16,2026-03-29,-2,"quantile",0.1,957753
"DE","00+",2026-04-16,2026-03-29,-2,"quantile",0.125,957753
"DE","00+",2026-04-16,2026-03-29,-2,"quantile",0.15,957753
"DE","00+",2026-04-16,2026-03-29,-2,"quantile",0.175,957753
"DE","00+",2026-04-16,2026-03-29,-2,"quantile",0.2,957753
"DE","00+",2026-04-16,2026-03-29,-2,"quantile",0.225,957753
"DE","00+",2026-04-16,2026-03-29,-2,"quantile",0.25,957753
"DE","00+",2026-04-16,2026-03-29,-2,"quantile",0.275,957753
"DE","00+",2026-04-16,2026-03-29,-2,"quantile",0.3,957753
"DE","00+",2026-04-16,2026-03-29,-2,"quantile",0.325,957753
"DE","00+",2026-04-16,2026-03-29,-2,"quantile",0.35,957753
"DE","00+",2026-04-16,2026-03-29,-2,"quantile",0.375,957753
"DE","00+",2026-04-16,2026-03-29,-2,"quantile",0.4,957754
"DE","00+",2026-04-16,2026-03-29,-2,"quantile",0.425,957755
"DE","00+",2026-04-16,2026-03-29,-2,"quantile",0.45,957756
"DE","00+",2026-04-16,2026-03-29,-2,"quantile",0.475,957758
"DE","00+",2026-04-16,2026-03-29,-2,"quantile",0.5,957761
"DE","00+",2026-04-16,2026-03-29,-2,"quantile",0.525,957766
"DE","00+",2026-04-16,2026-03-29,-2,"quantile",0.55,957774
"DE","00+",2026-04-16,2026-03-29,-2,"quantile",0.575,957786
"DE","00+",2026-04-16,2026-03-29,-2,"quantile",0.6,957803
"DE","00+",2026-04-16,2026-03-29,-2,"quantile",0.625,957828
"DE","00+",2026-04-16,2026-03-29,-2,"quantile",0.65,957864
"DE","00+",2026-04-16,2026-03-29,-2,"quantile",0.675,957916
"DE","00+",2026-04-16,2026-03-29,-2,"quantile",0.7,957989
"DE","00+",2026-04-16,2026-03-29,-2,"quantile",0.725,958090
"DE","00+",2026-04-16,2026-03-29,-2,"quantile",0.75,958230
"DE","00+",2026-04-16,2026-03-29,-2,"quantile",0.775,958423
"DE","00+",2026-04-16,2026-03-29,-2,"quantile",0.8,958690
"DE","00+",2026-04-16,2026-03-29,-2,"quantile",0.825,959058
"DE","00+",2026-04-16,2026-03-29,-2,"quantile",0.85,959571
"DE","00+",2026-04-16,2026-03-29,-2,"quantile",0.875,960295
"DE","00+",2026-04-16,2026-03-29,-2,"quantile",0.9,961344
"DE","00+",2026-04-16,2026-03-29,-2,"quantile",0.925,962939
"DE","00+",2026-04-16,2026-03-29,-2,"quantile",0.95,965582
"DE","00+",2026-04-16,2026-03-29,-2,"quantile",0.975,970940
"DE","00+",2026-04-16,2026-03-22,-3,"mean",NA,969724
"DE","00+",2026-04-16,2026-03-22,-3,"quantile",0.025,969393
"DE","00+",2026-04-16,2026-03-22,-3,"quantile",0.05,969393
"DE","00+",2026-04-16,2026-03-22,-3,"quantile",0.075,969393
"DE","00+",2026-04-16,2026-03-22,-3,"quantile",0.1,969393
"DE","00+",2026-04-16,2026-03-22,-3,"quantile",0.125,969393
"DE","00+",2026-04-16,2026-03-22,-3,"quantile",0.15,969393
"DE","00+",2026-04-16,2026-03-22,-3,"quantile",0.175,969393
"DE","00+",2026-04-16,2026-03-22,-3,"quantile",0.2,969393
"DE","00+",2026-04-16,2026-03-22,-3,"quantile",0.225,969393
"DE","00+",2026-04-16,2026-03-22,-3,"quantile",0.25,969393
"DE","00+",2026-04-16,2026-03-22,-3,"quantile",0.275,969393
"DE","00+",2026-04-16,2026-03-22,-3,"quantile",0.3,969393
"DE","00+",2026-04-16,2026-03-22,-3,"quantile",0.325,969393
"DE","00+",2026-04-16,2026-03-22,-3,"quantile",0.35,969393
"DE","00+",2026-04-16,2026-03-22,-3,"quantile",0.375,969393
"DE","00+",2026-04-16,2026-03-22,-3,"quantile",0.4,969393
"DE","00+",2026-04-16,2026-03-22,-3,"quantile",0.425,969393
"DE","00+",2026-04-16,2026-03-22,-3,"quantile",0.45,969394
"DE","00+",2026-04-16,2026-03-22,-3,"quantile",0.475,969394
"DE","00+",2026-04-16,2026-03-22,-3,"quantile",0.5,969395
"DE","00+",2026-04-16,2026-03-22,-3,"quantile",0.525,969396
"DE","00+",2026-04-16,2026-03-22,-3,"quantile",0.55,969398
"DE","00+",2026-04-16,2026-03-22,-3,"quantile",0.575,969401
"DE","00+",2026-04-16,2026-03-22,-3,"quantile",0.6,969405
"DE","00+",2026-04-16,2026-03-22,-3,"quantile",0.625,969411
"DE","00+",2026-04-16,2026-03-22,-3,"quantile",0.65,969420
"DE","00+",2026-04-16,2026-03-22,-3,"quantile",0.675,969433
"DE","00+",2026-04-16,2026-03-22,-3,"quantile",0.7,969451
"DE","00+",2026-04-16,2026-03-22,-3,"quantile",0.725,969475
"DE","00+",2026-04-16,2026-03-22,-3,"quantile",0.75,969510
"DE","00+",2026-04-16,2026-03-22,-3,"quantile",0.775,969557
"DE","00+",2026-04-16,2026-03-22,-3,"quantile",0.8,969623
"DE","00+",2026-04-16,2026-03-22,-3,"quantile",0.825,969713
"DE","00+",2026-04-16,2026-03-22,-3,"quantile",0.85,969838
"DE","00+",2026-04-16,2026-03-22,-3,"quantile",0.875,970016
"DE","00+",2026-04-16,2026-03-22,-3,"quantile",0.9,970273
"DE","00+",2026-04-16,2026-03-22,-3,"quantile",0.925,970664
"DE","00+",2026-04-16,2026-03-22,-3,"quantile",0.95,971312
"DE","00+",2026-04-16,2026-03-22,-3,"quantile",0.975,972625
"DE","00-04",2026-04-16,2026-04-12,0,"mean",NA,137210
"DE","00-04",2026-04-16,2026-04-12,0,"quantile",0.025,133581
"DE","00-04",2026-04-16,2026-04-12,0,"quantile",0.05,133581
"DE","00-04",2026-04-16,2026-04-12,0,"quantile",0.075,133581
"DE","00-04",2026-04-16,2026-04-12,0,"quantile",0.1,133581
"DE","00-04",2026-04-16,2026-04-12,0,"quantile",0.125,133582
"DE","00-04",2026-04-16,2026-04-12,0,"quantile",0.15,133582
"DE","00-04",2026-04-16,2026-04-12,0,"quantile",0.175,133584
"DE","00-04",2026-04-16,2026-04-12,0,"quantile",0.2,133587
"DE","00-04",2026-04-16,2026-04-12,0,"quantile",0.225,133591
"DE","00-04",2026-04-16,2026-04-12,0,"quantile",0.25,133598
"DE","00-04",2026-04-16,2026-04-12,0,"quantile",0.275,133608
"DE","00-04",2026-04-16,2026-04-12,0,"quantile",0.3,133621
"DE","00-04",2026-04-16,2026-04-12,0,"quantile",0.325,133639
"DE","00-04",2026-04-16,2026-04-12,0,"quantile",0.35,133663
"DE","00-04",2026-04-16,2026-04-12,0,"quantile",0.375,133695
"DE","00-04",2026-04-16,2026-04-12,0,"quantile",0.4,133736
"DE","00-04",2026-04-16,2026-04-12,0,"quantile",0.425,133787
"DE","00-04",2026-04-16,2026-04-12,0,"quantile",0.45,133851
"DE","00-04",2026-04-16,2026-04-12,0,"quantile",0.475,133930
"DE","00-04",2026-04-16,2026-04-12,0,"quantile",0.5,134027
"DE","00-04",2026-04-16,2026-04-12,0,"quantile",0.525,134144
"DE","00-04",2026-04-16,2026-04-12,0,"quantile",0.55,134286
"DE","00-04",2026-04-16,2026-04-12,0,"quantile",0.575,134456
"DE","00-04",2026-04-16,2026-04-12,0,"quantile",0.6,134660
"DE","00-04",2026-04-16,2026-04-12,0,"quantile",0.625,134902
"DE","00-04",2026-04-16,2026-04-12,0,"quantile",0.65,135190
"DE","00-04",2026-04-16,2026-04-12,0,"quantile",0.675,135531
"DE","00-04",2026-04-16,2026-04-12,0,"quantile",0.7,135937
"DE","00-04",2026-04-16,2026-04-12,0,"quantile",0.725,136419
"DE","00-04",2026-04-16,2026-04-12,0,"quantile",0.75,136996
"DE","00-04",2026-04-16,2026-04-12,0,"quantile",0.775,137687
"DE","00-04",2026-04-16,2026-04-12,0,"quantile",0.8,138523
"DE","00-04",2026-04-16,2026-04-12,0,"quantile",0.825,139545
"DE","00-04",2026-04-16,2026-04-12,0,"quantile",0.85,140816
"DE","00-04",2026-04-16,2026-04-12,0,"quantile",0.875,142431
"DE","00-04",2026-04-16,2026-04-12,0,"quantile",0.9,144553
"DE","00-04",2026-04-16,2026-04-12,0,"quantile",0.925,147492
"DE","00-04",2026-04-16,2026-04-12,0,"quantile",0.95,151955
"DE","00-04",2026-04-16,2026-04-12,0,"quantile",0.975,160248
"DE","00-04",2026-04-16,2026-04-05,-1,"mean",NA,137706
"DE","00-04",2026-04-16,2026-04-05,-1,"quantile",0.025,136745
"DE","00-04",2026-04-16,2026-04-05,-1,"quantile",0.05,136745
"DE","00-04",2026-04-16,2026-04-05,-1,"quantile",0.075,136745
"DE","00-04",2026-04-16,2026-04-05,-1,"quantile",0.1,136745
"DE","00-04",2026-04-16,2026-04-05,-1,"quantile",0.125,136745
"DE","00-04",2026-04-16,2026-04-05,-1,"quantile",0.15,136745
"DE","00-04",2026-04-16,2026-04-05,-1,"quantile",0.175,136745
"DE","00-04",2026-04-16,2026-04-05,-1,"quantile",0.2,136745
"DE","00-04",2026-04-16,2026-04-05,-1,"quantile",0.225,136745
"DE","00-04",2026-04-16,2026-04-05,-1,"quantile",0.25,136745
"DE","00-04",2026-04-16,2026-04-05,-1,"quantile",0.275,136745
"DE","00-04",2026-04-16,2026-04-05,-1,"quantile",0.3,136745
"DE","00-04",2026-04-16,2026-04-05,-1,"quantile",0.325,136745
"DE","00-04",2026-04-16,2026-04-05,-1,"quantile",0.35,136745
"DE","00-04",2026-04-16,2026-04-05,-1,"quantile",0.375,136745
"DE","00-04",2026-04-16,2026-04-05,-1,"quantile",0.4,136746
"DE","00-04",2026-04-16,2026-04-05,-1,"quantile",0.425,136746
"DE","00-04",2026-04-16,2026-04-05,-1,"quantile",0.45,136747
"DE","00-04",2026-04-16,2026-04-05,-1,"quantile",0.475,136748
"DE","00-04",2026-04-16,2026-04-05,-1,"quantile",0.5,136751
"DE","00-04",2026-04-16,2026-04-05,-1,"quantile",0.525,136754
"DE","00-04",2026-04-16,2026-04-05,-1,"quantile",0.55,136760
"DE","00-04",2026-04-16,2026-04-05,-1,"quantile",0.575,136768
"DE","00-04",2026-04-16,2026-04-05,-1,"quantile",0.6,136780
"DE","00-04",2026-04-16,2026-04-05,-1,"quantile",0.625,136798
"DE","00-04",2026-04-16,2026-04-05,-1,"quantile",0.65,136824
"DE","00-04",2026-04-16,2026-04-05,-1,"quantile",0.675,136861
"DE","00-04",2026-04-16,2026-04-05,-1,"quantile",0.7,136913
"DE","00-04",2026-04-16,2026-04-05,-1,"quantile",0.725,136985
"DE","00-04",2026-04-16,2026-04-05,-1,"quantile",0.75,137085
"DE","00-04",2026-04-16,2026-04-05,-1,"quantile",0.775,137223
"DE","00-04",2026-04-16,2026-04-05,-1,"quantile",0.8,137412
"DE","00-04",2026-04-16,2026-04-05,-1,"quantile",0.825,137675
"DE","00-04",2026-04-16,2026-04-05,-1,"quantile",0.85,138040
"DE","00-04",2026-04-16,2026-04-05,-1,"quantile",0.875,138555
"DE","00-04",2026-04-16,2026-04-05,-1,"quantile",0.9,139303
"DE","00-04",2026-04-16,2026-04-05,-1,"quantile",0.925,140439
"DE","00-04",2026-04-16,2026-04-05,-1,"quantile",0.95,142322
"DE","00-04",2026-04-16,2026-04-05,-1,"quantile",0.975,146139
"DE","00-04",2026-04-16,2026-03-29,-2,"mean",NA,164578
"DE","00-04",2026-04-16,2026-03-29,-2,"quantile",0.025,164347
"DE","00-04",2026-04-16,2026-03-29,-2,"quantile",0.05,164347
"DE","00-04",2026-04-16,2026-03-29,-2,"quantile",0.075,164347
"DE","00-04",2026-04-16,2026-03-29,-2,"quantile",0.1,164347
"DE","00-04",2026-04-16,2026-03-29,-2,"quantile",0.125,164347
"DE","00-04",2026-04-16,2026-03-29,-2,"quantile",0.15,164347
"DE","00-04",2026-04-16,2026-03-29,-2,"quantile",0.175,164347
"DE","00-04",2026-04-16,2026-03-29,-2,"quantile",0.2,164347
"DE","00-04",2026-04-16,2026-03-29,-2,"quantile",0.225,164347
"DE","00-04",2026-04-16,2026-03-29,-2,"quantile",0.25,164347
"DE","00-04",2026-04-16,2026-03-29,-2,"quantile",0.275,164347
"DE","00-04",2026-04-16,2026-03-29,-2,"quantile",0.3,164347
"DE","00-04",2026-04-16,2026-03-29,-2,"quantile",0.325,164347
"DE","00-04",2026-04-16,2026-03-29,-2,"quantile",0.35,164347
"DE","00-04",2026-04-16,2026-03-29,-2,"quantile",0.375,164347
"DE","00-04",2026-04-16,2026-03-29,-2,"quantile",0.4,164347
"DE","00-04",2026-04-16,2026-03-29,-2,"quantile",0.425,164347
"DE","00-04",2026-04-16,2026-03-29,-2,"quantile",0.45,164347
"DE","00-04",2026-04-16,2026-03-29,-2,"quantile",0.475,164348
"DE","00-04",2026-04-16,2026-03-29,-2,"quantile",0.5,164348
"DE","00-04",2026-04-16,2026-03-29,-2,"quantile",0.525,164349
"DE","00-04",2026-04-16,2026-03-29,-2,"quantile",0.55,164351
"DE","00-04",2026-04-16,2026-03-29,-2,"quantile",0.575,164353
"DE","00-04",2026-04-16,2026-03-29,-2,"quantile",0.6,164356
"DE","00-04",2026-04-16,2026-03-29,-2,"quantile",0.625,164360
"DE","00-04",2026-04-16,2026-03-29,-2,"quantile",0.65,164366
"DE","00-04",2026-04-16,2026-03-29,-2,"quantile",0.675,164375
"DE","00-04",2026-04-16,2026-03-29,-2,"quantile",0.7,164387
"DE","00-04",2026-04-16,2026-03-29,-2,"quantile",0.725,164405
"DE","00-04",2026-04-16,2026-03-29,-2,"quantile",0.75,164429
"DE","00-04",2026-04-16,2026-03-29,-2,"quantile",0.775,164462
"DE","00-04",2026-04-16,2026-03-29,-2,"quantile",0.8,164508
"DE","00-04",2026-04-16,2026-03-29,-2,"quantile",0.825,164571
"DE","00-04",2026-04-16,2026-03-29,-2,"quantile",0.85,164659
"DE","00-04",2026-04-16,2026-03-29,-2,"quantile",0.875,164783
"DE","00-04",2026-04-16,2026-03-29,-2,"quantile",0.9,164963
"DE","00-04",2026-04-16,2026-03-29,-2,"quantile",0.925,165237
"DE","00-04",2026-04-16,2026-03-29,-2,"quantile",0.95,165691
"DE","00-04",2026-04-16,2026-03-29,-2,"quantile",0.975,166610
"DE","00-04",2026-04-16,2026-03-22,-3,"mean",NA,182876
"DE","00-04",2026-04-16,2026-03-22,-3,"quantile",0.025,182814
"DE","00-04",2026-04-16,2026-03-22,-3,"quantile",0.05,182814
"DE","00-04",2026-04-16,2026-03-22,-3,"quantile",0.075,182814
"DE","00-04",2026-04-16,2026-03-22,-3,"quantile",0.1,182814
"DE","00-04",2026-04-16,2026-03-22,-3,"quantile",0.125,182814
"DE","00-04",2026-04-16,2026-03-22,-3,"quantile",0.15,182814
"DE","00-04",2026-04-16,2026-03-22,-3,"quantile",0.175,182814
"DE","00-04",2026-04-16,2026-03-22,-3,"quantile",0.2,182814
"DE","00-04",2026-04-16,2026-03-22,-3,"quantile",0.225,182814
"DE","00-04",2026-04-16,2026-03-22,-3,"quantile",0.25,182814
"DE","00-04",2026-04-16,2026-03-22,-3,"quantile",0.275,182814
"DE","00-04",2026-04-16,2026-03-22,-3,"quantile",0.3,182814
"DE","00-04",2026-04-16,2026-03-22,-3,"quantile",0.325,182814
"DE","00-04",2026-04-16,2026-03-22,-3,"quantile",0.35,182814
"DE","00-04",2026-04-16,2026-03-22,-3,"quantile",0.375,182814
"DE","00-04",2026-04-16,2026-03-22,-3,"quantile",0.4,182814
"DE","00-04",2026-04-16,2026-03-22,-3,"quantile",0.425,182814
"DE","00-04",2026-04-16,2026-03-22,-3,"quantile",0.45,182814
"DE","00-04",2026-04-16,2026-03-22,-3,"quantile",0.475,182814
"DE","00-04",2026-04-16,2026-03-22,-3,"quantile",0.5,182814
"DE","00-04",2026-04-16,2026-03-22,-3,"quantile",0.525,182814
"DE","00-04",2026-04-16,2026-03-22,-3,"quantile",0.55,182815
"DE","00-04",2026-04-16,2026-03-22,-3,"quantile",0.575,182815
"DE","00-04",2026-04-16,2026-03-22,-3,"quantile",0.6,182816
"DE","00-04",2026-04-16,2026-03-22,-3,"quantile",0.625,182817
"DE","00-04",2026-04-16,2026-03-22,-3,"quantile",0.65,182819
"DE","00-04",2026-04-16,2026-03-22,-3,"quantile",0.675,182821
"DE","00-04",2026-04-16,2026-03-22,-3,"quantile",0.7,182825
"DE","00-04",2026-04-16,2026-03-22,-3,"quantile",0.725,182830
"DE","00-04",2026-04-16,2026-03-22,-3,"quantile",0.75,182836
"DE","00-04",2026-04-16,2026-03-22,-3,"quantile",0.775,182845
"DE","00-04",2026-04-16,2026-03-22,-3,"quantile",0.8,182857
"DE","00-04",2026-04-16,2026-03-22,-3,"quantile",0.825,182874
"DE","00-04",2026-04-16,2026-03-22,-3,"quantile",0.85,182898
"DE","00-04",2026-04-16,2026-03-22,-3,"quantile",0.875,182931
"DE","00-04",2026-04-16,2026-03-22,-3,"quantile",0.9,182980
"DE","00-04",2026-04-16,2026-03-22,-3,"quantile",0.925,183054
"DE","00-04",2026-04-16,2026-03-22,-3,"quantile",0.95,183176
"DE","00-04",2026-04-16,2026-03-22,-3,"quantile",0.975,183424
"DE","05-14",2026-04-16,2026-04-12,0,"mean",NA,55266
"DE","05-14",2026-04-16,2026-04-12,0,"quantile",0.025,53804
"DE","05-14",2026-04-16,2026-04-12,0,"quantile",0.05,53804
"DE","05-14",2026-04-16,2026-04-12,0,"quantile",0.075,53804
"DE","05-14",2026-04-16,2026-04-12,0,"quantile",0.1,53804
"DE","05-14",2026-04-16,2026-04-12,0,"quantile",0.125,53804
"DE","05-14",2026-04-16,2026-04-12,0,"quantile",0.15,53804
"DE","05-14",2026-04-16,2026-04-12,0,"quantile",0.175,53805
"DE","05-14",2026-04-16,2026-04-12,0,"quantile",0.2,53806
"DE","05-14",2026-04-16,2026-04-12,0,"quantile",0.225,53808
"DE","05-14",2026-04-16,2026-04-12,0,"quantile",0.25,53811
"DE","05-14",2026-04-16,2026-04-12,0,"quantile",0.275,53815
"DE","05-14",2026-04-16,2026-04-12,0,"quantile",0.3,53820
"DE","05-14",2026-04-16,2026-04-12,0,"quantile",0.325,53827
"DE","05-14",2026-04-16,2026-04-12,0,"quantile",0.35,53837
"DE","05-14",2026-04-16,2026-04-12,0,"quantile",0.375,53850
"DE","05-14",2026-04-16,2026-04-12,0,"quantile",0.4,53866
"DE","05-14",2026-04-16,2026-04-12,0,"quantile",0.425,53887
"DE","05-14",2026-04-16,2026-04-12,0,"quantile",0.45,53913
"DE","05-14",2026-04-16,2026-04-12,0,"quantile",0.475,53945
"DE","05-14",2026-04-16,2026-04-12,0,"quantile",0.5,53983
"DE","05-14",2026-04-16,2026-04-12,0,"quantile",0.525,54031
"DE","05-14",2026-04-16,2026-04-12,0,"quantile",0.55,54088
"DE","05-14",2026-04-16,2026-04-12,0,"quantile",0.575,54157
"DE","05-14",2026-04-16,2026-04-12,0,"quantile",0.6,54238
"DE","05-14",2026-04-16,2026-04-12,0,"quantile",0.625,54336
"DE","05-14",2026-04-16,2026-04-12,0,"quantile",0.65,54452
"DE","05-14",2026-04-16,2026-04-12,0,"quantile",0.675,54589
"DE","05-14",2026-04-16,2026-04-12,0,"quantile",0.7,54753
"DE","05-14",2026-04-16,2026-04-12,0,"quantile",0.725,54947
"DE","05-14",2026-04-16,2026-04-12,0,"quantile",0.75,55179
"DE","05-14",2026-04-16,2026-04-12,0,"quantile",0.775,55458
"DE","05-14",2026-04-16,2026-04-12,0,"quantile",0.8,55795
"DE","05-14",2026-04-16,2026-04-12,0,"quantile",0.825,56206
"DE","05-14",2026-04-16,2026-04-12,0,"quantile",0.85,56718
"DE","05-14",2026-04-16,2026-04-12,0,"quantile",0.875,57369
"DE","05-14",2026-04-16,2026-04-12,0,"quantile",0.9,58223
"DE","05-14",2026-04-16,2026-04-12,0,"quantile",0.925,59407
"DE","05-14",2026-04-16,2026-04-12,0,"quantile",0.95,61205
"DE","05-14",2026-04-16,2026-04-12,0,"quantile",0.975,64546
"DE","05-14",2026-04-16,2026-04-05,-1,"mean",NA,70732
"DE","05-14",2026-04-16,2026-04-05,-1,"quantile",0.025,70238
"DE","05-14",2026-04-16,2026-04-05,-1,"quantile",0.05,70238
"DE","05-14",2026-04-16,2026-04-05,-1,"quantile",0.075,70238
"DE","05-14",2026-04-16,2026-04-05,-1,"quantile",0.1,70238
"DE","05-14",2026-04-16,2026-04-05,-1,"quantile",0.125,70238
"DE","05-14",2026-04-16,2026-04-05,-1,"quantile",0.15,70238
"DE","05-14",2026-04-16,2026-04-05,-1,"quantile",0.175,70238
"DE","05-14",2026-04-16,2026-04-05,-1,"quantile",0.2,70238
"DE","05-14",2026-04-16,2026-04-05,-1,"quantile",0.225,70238
"DE","05-14",2026-04-16,2026-04-05,-1,"quantile",0.25,70238
"DE","05-14",2026-04-16,2026-04-05,-1,"quantile",0.275,70238
"DE","05-14",2026-04-16,2026-04-05,-1,"quantile",0.3,70238
"DE","05-14",2026-04-16,2026-04-05,-1,"quantile",0.325,70238
"DE","05-14",2026-04-16,2026-04-05,-1,"quantile",0.35,70238
"DE","05-14",2026-04-16,2026-04-05,-1,"quantile",0.375,70238
"DE","05-14",2026-04-16,2026-04-05,-1,"quantile",0.4,70238
"DE","05-14",2026-04-16,2026-04-05,-1,"quantile",0.425,70238
"DE","05-14",2026-04-16,2026-04-05,-1,"quantile",0.45,70239
"DE","05-14",2026-04-16,2026-04-05,-1,"quantile",0.475,70240
"DE","05-14",2026-04-16,2026-04-05,-1,"quantile",0.5,70241
"DE","05-14",2026-04-16,2026-04-05,-1,"quantile",0.525,70243
"DE","05-14",2026-04-16,2026-04-05,-1,"quantile",0.55,70246
"DE","05-14",2026-04-16,2026-04-05,-1,"quantile",0.575,70250
"DE","05-14",2026-04-16,2026-04-05,-1,"quantile",0.6,70256
"DE","05-14",2026-04-16,2026-04-05,-1,"quantile",0.625,70265
"DE","05-14",2026-04-16,2026-04-05,-1,"quantile",0.65,70279
"DE","05-14",2026-04-16,2026-04-05,-1,"quantile",0.675,70298
"DE","05-14",2026-04-16,2026-04-05,-1,"quantile",0.7,70324
"DE","05-14",2026-04-16,2026-04-05,-1,"quantile",0.725,70361
"DE","05-14",2026-04-16,2026-04-05,-1,"quantile",0.75,70412
"DE","05-14",2026-04-16,2026-04-05,-1,"quantile",0.775,70483
"DE","05-14",2026-04-16,2026-04-05,-1,"quantile",0.8,70581
"DE","05-14",2026-04-16,2026-04-05,-1,"quantile",0.825,70716
"DE","05-14",2026-04-16,2026-04-05,-1,"quantile",0.85,70903
"DE","05-14",2026-04-16,2026-04-05,-1,"quantile",0.875,71168
"DE","05-14",2026-04-16,2026-04-05,-1,"quantile",0.9,71552
"DE","05-14",2026-04-16,2026-04-05,-1,"quantile",0.925,72135
"DE","05-14",2026-04-16,2026-04-05,-1,"quantile",0.95,73103
"DE","05-14",2026-04-16,2026-04-05,-1,"quantile",0.975,75063
"DE","05-14",2026-04-16,2026-03-29,-2,"mean",NA,126472
"DE","05-14",2026-04-16,2026-03-29,-2,"quantile",0.025,126294
"DE","05-14",2026-04-16,2026-03-29,-2,"quantile",0.05,126294
"DE","05-14",2026-04-16,2026-03-29,-2,"quantile",0.075,126294
"DE","05-14",2026-04-16,2026-03-29,-2,"quantile",0.1,126294
"DE","05-14",2026-04-16,2026-03-29,-2,"quantile",0.125,126294
"DE","05-14",2026-04-16,2026-03-29,-2,"quantile",0.15,126294
"DE","05-14",2026-04-16,2026-03-29,-2,"quantile",0.175,126294
"DE","05-14",2026-04-16,2026-03-29,-2,"quantile",0.2,126294
"DE","05-14",2026-04-16,2026-03-29,-2,"quantile",0.225,126294
"DE","05-14",2026-04-16,2026-03-29,-2,"quantile",0.25,126294
"DE","05-14",2026-04-16,2026-03-29,-2,"quantile",0.275,126294
"DE","05-14",2026-04-16,2026-03-29,-2,"quantile",0.3,126294
"DE","05-14",2026-04-16,2026-03-29,-2,"quantile",0.325,126294
"DE","05-14",2026-04-16,2026-03-29,-2,"quantile",0.35,126294
"DE","05-14",2026-04-16,2026-03-29,-2,"quantile",0.375,126294
"DE","05-14",2026-04-16,2026-03-29,-2,"quantile",0.4,126294
"DE","05-14",2026-04-16,2026-03-29,-2,"quantile",0.425,126294
"DE","05-14",2026-04-16,2026-03-29,-2,"quantile",0.45,126294
"DE","05-14",2026-04-16,2026-03-29,-2,"quantile",0.475,126295
"DE","05-14",2026-04-16,2026-03-29,-2,"quantile",0.5,126295
"DE","05-14",2026-04-16,2026-03-29,-2,"quantile",0.525,126296
"DE","05-14",2026-04-16,2026-03-29,-2,"quantile",0.55,126297
"DE","05-14",2026-04-16,2026-03-29,-2,"quantile",0.575,126298
"DE","05-14",2026-04-16,2026-03-29,-2,"quantile",0.6,126301
"DE","05-14",2026-04-16,2026-03-29,-2,"quantile",0.625,126304
"DE","05-14",2026-04-16,2026-03-29,-2,"quantile",0.65,126309
"DE","05-14",2026-04-16,2026-03-29,-2,"quantile",0.675,126315
"DE","05-14",2026-04-16,2026-03-29,-2,"quantile",0.7,126325
"DE","05-14",2026-04-16,2026-03-29,-2,"quantile",0.725,126338
"DE","05-14",2026-04-16,2026-03-29,-2,"quantile",0.75,126357
"DE","05-14",2026-04-16,2026-03-29,-2,"quantile",0.775,126382
"DE","05-14",2026-04-16,2026-03-29,-2,"quantile",0.8,126418
"DE","05-14",2026-04-16,2026-03-29,-2,"quantile",0.825,126466
"DE","05-14",2026-04-16,2026-03-29,-2,"quantile",0.85,126534
"DE","05-14",2026-04-16,2026-03-29,-2,"quantile",0.875,126629
"DE","05-14",2026-04-16,2026-03-29,-2,"quantile",0.9,126768
"DE","05-14",2026-04-16,2026-03-29,-2,"quantile",0.925,126978
"DE","05-14",2026-04-16,2026-03-29,-2,"quantile",0.95,127327
"DE","05-14",2026-04-16,2026-03-29,-2,"quantile",0.975,128033
"DE","05-14",2026-04-16,2026-03-22,-3,"mean",NA,126037
"DE","05-14",2026-04-16,2026-03-22,-3,"quantile",0.025,125994
"DE","05-14",2026-04-16,2026-03-22,-3,"quantile",0.05,125994
"DE","05-14",2026-04-16,2026-03-22,-3,"quantile",0.075,125994
"DE","05-14",2026-04-16,2026-03-22,-3,"quantile",0.1,125994
"DE","05-14",2026-04-16,2026-03-22,-3,"quantile",0.125,125994
"DE","05-14",2026-04-16,2026-03-22,-3,"quantile",0.15,125994
"DE","05-14",2026-04-16,2026-03-22,-3,"quantile",0.175,125994
"DE","05-14",2026-04-16,2026-03-22,-3,"quantile",0.2,125994
"DE","05-14",2026-04-16,2026-03-22,-3,"quantile",0.225,125994
"DE","05-14",2026-04-16,2026-03-22,-3,"quantile",0.25,125994
"DE","05-14",2026-04-16,2026-03-22,-3,"quantile",0.275,125994
"DE","05-14",2026-04-16,2026-03-22,-3,"quantile",0.3,125994
"DE","05-14",2026-04-16,2026-03-22,-3,"quantile",0.325,125994
"DE","05-14",2026-04-16,2026-03-22,-3,"quantile",0.35,125994
"DE","05-14",2026-04-16,2026-03-22,-3,"quantile",0.375,125994
"DE","05-14",2026-04-16,2026-03-22,-3,"quantile",0.4,125994
"DE","05-14",2026-04-16,2026-03-22,-3,"quantile",0.425,125994
"DE","05-14",2026-04-16,2026-03-22,-3,"quantile",0.45,125994
"DE","05-14",2026-04-16,2026-03-22,-3,"quantile",0.475,125994
"DE","05-14",2026-04-16,2026-03-22,-3,"quantile",0.5,125994
"DE","05-14",2026-04-16,2026-03-22,-3,"quantile",0.525,125994
"DE","05-14",2026-04-16,2026-03-22,-3,"quantile",0.55,125995
"DE","05-14",2026-04-16,2026-03-22,-3,"quantile",0.575,125995
"DE","05-14",2026-04-16,2026-03-22,-3,"quantile",0.6,125996
"DE","05-14",2026-04-16,2026-03-22,-3,"quantile",0.625,125996
"DE","05-14",2026-04-16,2026-03-22,-3,"quantile",0.65,125997
"DE","05-14",2026-04-16,2026-03-22,-3,"quantile",0.675,125999
"DE","05-14",2026-04-16,2026-03-22,-3,"quantile",0.7,126001
"DE","05-14",2026-04-16,2026-03-22,-3,"quantile",0.725,126005
"DE","05-14",2026-04-16,2026-03-22,-3,"quantile",0.75,126009
"DE","05-14",2026-04-16,2026-03-22,-3,"quantile",0.775,126015
"DE","05-14",2026-04-16,2026-03-22,-3,"quantile",0.8,126024
"DE","05-14",2026-04-16,2026-03-22,-3,"quantile",0.825,126036
"DE","05-14",2026-04-16,2026-03-22,-3,"quantile",0.85,126052
"DE","05-14",2026-04-16,2026-03-22,-3,"quantile",0.875,126075
"DE","05-14",2026-04-16,2026-03-22,-3,"quantile",0.9,126108
"DE","05-14",2026-04-16,2026-03-22,-3,"quantile",0.925,126159
"DE","05-14",2026-04-16,2026-03-22,-3,"quantile",0.95,126244
"DE","05-14",2026-04-16,2026-03-22,-3,"quantile",0.975,126414
"DE","15-34",2026-04-16,2026-04-12,0,"mean",NA,218576
"DE","15-34",2026-04-16,2026-04-12,0,"quantile",0.025,212795
"DE","15-34",2026-04-16,2026-04-12,0,"quantile",0.05,212795
"DE","15-34",2026-04-16,2026-04-12,0,"quantile",0.075,212795
"DE","15-34",2026-04-16,2026-04-12,0,"quantile",0.1,212795
"DE","15-34",2026-04-16,2026-04-12,0,"quantile",0.125,212796
"DE","15-34",2026-04-16,2026-04-12,0,"quantile",0.15,212797
"DE","15-34",2026-04-16,2026-04-12,0,"quantile",0.175,212800
"DE","15-34",2026-04-16,2026-04-12,0,"quantile",0.2,212804
"DE","15-34",2026-04-16,2026-04-12,0,"quantile",0.225,212811
"DE","15-34",2026-04-16,2026-04-12,0,"quantile",0.25,212822
"DE","15-34",2026-04-16,2026-04-12,0,"quantile",0.275,212837
"DE","15-34",2026-04-16,2026-04-12,0,"quantile",0.3,212859
"DE","15-34",2026-04-16,2026-04-12,0,"quantile",0.325,212888
"DE","15-34",2026-04-16,2026-04-12,0,"quantile",0.35,212926
"DE","15-34",2026-04-16,2026-04-12,0,"quantile",0.375,212977
"DE","15-34",2026-04-16,2026-04-12,0,"quantile",0.4,213041
"DE","15-34",2026-04-16,2026-04-12,0,"quantile",0.425,213123
"DE","15-34",2026-04-16,2026-04-12,0,"quantile",0.45,213225
"DE","15-34",2026-04-16,2026-04-12,0,"quantile",0.475,213351
"DE","15-34",2026-04-16,2026-04-12,0,"quantile",0.5,213505
"DE","15-34",2026-04-16,2026-04-12,0,"quantile",0.525,213692
"DE","15-34",2026-04-16,2026-04-12,0,"quantile",0.55,213918
"DE","15-34",2026-04-16,2026-04-12,0,"quantile",0.575,214189
"DE","15-34",2026-04-16,2026-04-12,0,"quantile",0.6,214513
"DE","15-34",2026-04-16,2026-04-12,0,"quantile",0.625,214899
"DE","15-34",2026-04-16,2026-04-12,0,"quantile",0.65,215357
"DE","15-34",2026-04-16,2026-04-12,0,"quantile",0.675,215902
"DE","15-34",2026-04-16,2026-04-12,0,"quantile",0.7,216548
"DE","15-34",2026-04-16,2026-04-12,0,"quantile",0.725,217317
"DE","15-34",2026-04-16,2026-04-12,0,"quantile",0.75,218234
"DE","15-34",2026-04-16,2026-04-12,0,"quantile",0.775,219336
"DE","15-34",2026-04-16,2026-04-12,0,"quantile",0.8,220667
"DE","15-34",2026-04-16,2026-04-12,0,"quantile",0.825,222296
"DE","15-34",2026-04-16,2026-04-12,0,"quantile",0.85,224320
"DE","15-34",2026-04-16,2026-04-12,0,"quantile",0.875,226893
"DE","15-34",2026-04-16,2026-04-12,0,"quantile",0.9,230273
"DE","15-34",2026-04-16,2026-04-12,0,"quantile",0.925,234955
"DE","15-34",2026-04-16,2026-04-12,0,"quantile",0.95,242064
"DE","15-34",2026-04-16,2026-04-12,0,"quantile",0.975,255276
"DE","15-34",2026-04-16,2026-04-05,-1,"mean",NA,216194
"DE","15-34",2026-04-16,2026-04-05,-1,"quantile",0.025,214686
"DE","15-34",2026-04-16,2026-04-05,-1,"quantile",0.05,214686
"DE","15-34",2026-04-16,2026-04-05,-1,"quantile",0.075,214686
"DE","15-34",2026-04-16,2026-04-05,-1,"quantile",0.1,214686
"DE","15-34",2026-04-16,2026-04-05,-1,"quantile",0.125,214686
"DE","15-34",2026-04-16,2026-04-05,-1,"quantile",0.15,214686
"DE","15-34",2026-04-16,2026-04-05,-1,"quantile",0.175,214686
"DE","15-34",2026-04-16,2026-04-05,-1,"quantile",0.2,214686
"DE","15-34",2026-04-16,2026-04-05,-1,"quantile",0.225,214686
"DE","15-34",2026-04-16,2026-04-05,-1,"quantile",0.25,214686
"DE","15-34",2026-04-16,2026-04-05,-1,"quantile",0.275,214686
"DE","15-34",2026-04-16,2026-04-05,-1,"quantile",0.3,214686
"DE","15-34",2026-04-16,2026-04-05,-1,"quantile",0.325,214686
"DE","15-34",2026-04-16,2026-04-05,-1,"quantile",0.35,214686
"DE","15-34",2026-04-16,2026-04-05,-1,"quantile",0.375,214686
"DE","15-34",2026-04-16,2026-04-05,-1,"quantile",0.4,214687
"DE","15-34",2026-04-16,2026-04-05,-1,"quantile",0.425,214688
"DE","15-34",2026-04-16,2026-04-05,-1,"quantile",0.45,214689
"DE","15-34",2026-04-16,2026-04-05,-1,"quantile",0.475,214691
"DE","15-34",2026-04-16,2026-04-05,-1,"quantile",0.5,214695
"DE","15-34",2026-04-16,2026-04-05,-1,"quantile",0.525,214701
"DE","15-34",2026-04-16,2026-04-05,-1,"quantile",0.55,214709
"DE","15-34",2026-04-16,2026-04-05,-1,"quantile",0.575,214722
"DE","15-34",2026-04-16,2026-04-05,-1,"quantile",0.6,214742
"DE","15-34",2026-04-16,2026-04-05,-1,"quantile",0.625,214770
"DE","15-34",2026-04-16,2026-04-05,-1,"quantile",0.65,214811
"DE","15-34",2026-04-16,2026-04-05,-1,"quantile",0.675,214868
"DE","15-34",2026-04-16,2026-04-05,-1,"quantile",0.7,214949
"DE","15-34",2026-04-16,2026-04-05,-1,"quantile",0.725,215063
"DE","15-34",2026-04-16,2026-04-05,-1,"quantile",0.75,215219
"DE","15-34",2026-04-16,2026-04-05,-1,"quantile",0.775,215436
"DE","15-34",2026-04-16,2026-04-05,-1,"quantile",0.8,215734
"DE","15-34",2026-04-16,2026-04-05,-1,"quantile",0.825,216146
"DE","15-34",2026-04-16,2026-04-05,-1,"quantile",0.85,216719
"DE","15-34",2026-04-16,2026-04-05,-1,"quantile",0.875,217528
"DE","15-34",2026-04-16,2026-04-05,-1,"quantile",0.9,218702
"DE","15-34",2026-04-16,2026-04-05,-1,"quantile",0.925,220485
"DE","15-34",2026-04-16,2026-04-05,-1,"quantile",0.95,223441
"DE","15-34",2026-04-16,2026-04-05,-1,"quantile",0.975,229434
"DE","15-34",2026-04-16,2026-03-29,-2,"mean",NA,272761
"DE","15-34",2026-04-16,2026-03-29,-2,"quantile",0.025,272377
"DE","15-34",2026-04-16,2026-03-29,-2,"quantile",0.05,272377
"DE","15-34",2026-04-16,2026-03-29,-2,"quantile",0.075,272377
"DE","15-34",2026-04-16,2026-03-29,-2,"quantile",0.1,272377
"DE","15-34",2026-04-16,2026-03-29,-2,"quantile",0.125,272377
"DE","15-34",2026-04-16,2026-03-29,-2,"quantile",0.15,272377
"DE","15-34",2026-04-16,2026-03-29,-2,"quantile",0.175,272377
"DE","15-34",2026-04-16,2026-03-29,-2,"quantile",0.2,272377
"DE","15-34",2026-04-16,2026-03-29,-2,"quantile",0.225,272377
"DE","15-34",2026-04-16,2026-03-29,-2,"quantile",0.25,272377
"DE","15-34",2026-04-16,2026-03-29,-2,"quantile",0.275,272377
"DE","15-34",2026-04-16,2026-03-29,-2,"quantile",0.3,272377
"DE","15-34",2026-04-16,2026-03-29,-2,"quantile",0.325,272377
"DE","15-34",2026-04-16,2026-03-29,-2,"quantile",0.35,272377
"DE","15-34",2026-04-16,2026-03-29,-2,"quantile",0.375,272377
"DE","15-34",2026-04-16,2026-03-29,-2,"quantile",0.4,272377
"DE","15-34",2026-04-16,2026-03-29,-2,"quantile",0.425,272377
"DE","15-34",2026-04-16,2026-03-29,-2,"quantile",0.45,272378
"DE","15-34",2026-04-16,2026-03-29,-2,"quantile",0.475,272378
"DE","15-34",2026-04-16,2026-03-29,-2,"quantile",0.5,272379
"DE","15-34",2026-04-16,2026-03-29,-2,"quantile",0.525,272381
"DE","15-34",2026-04-16,2026-03-29,-2,"quantile",0.55,272383
"DE","15-34",2026-04-16,2026-03-29,-2,"quantile",0.575,272386
"DE","15-34",2026-04-16,2026-03-29,-2,"quantile",0.6,272391
"DE","15-34",2026-04-16,2026-03-29,-2,"quantile",0.625,272398
"DE","15-34",2026-04-16,2026-03-29,-2,"quantile",0.65,272409
"DE","15-34",2026-04-16,2026-03-29,-2,"quantile",0.675,272423
"DE","15-34",2026-04-16,2026-03-29,-2,"quantile",0.7,272444
"DE","15-34",2026-04-16,2026-03-29,-2,"quantile",0.725,272473
"DE","15-34",2026-04-16,2026-03-29,-2,"quantile",0.75,272513
"DE","15-34",2026-04-16,2026-03-29,-2,"quantile",0.775,272568
"DE","15-34",2026-04-16,2026-03-29,-2,"quantile",0.8,272643
"DE","15-34",2026-04-16,2026-03-29,-2,"quantile",0.825,272748
"DE","15-34",2026-04-16,2026-03-29,-2,"quantile",0.85,272894
"DE","15-34",2026-04-16,2026-03-29,-2,"quantile",0.875,273100
"DE","15-34",2026-04-16,2026-03-29,-2,"quantile",0.9,273398
"DE","15-34",2026-04-16,2026-03-29,-2,"quantile",0.925,273852
"DE","15-34",2026-04-16,2026-03-29,-2,"quantile",0.95,274604
"DE","15-34",2026-04-16,2026-03-29,-2,"quantile",0.975,276128
"DE","15-34",2026-04-16,2026-03-22,-3,"mean",NA,252791
"DE","15-34",2026-04-16,2026-03-22,-3,"quantile",0.025,252705
"DE","15-34",2026-04-16,2026-03-22,-3,"quantile",0.05,252705
"DE","15-34",2026-04-16,2026-03-22,-3,"quantile",0.075,252705
"DE","15-34",2026-04-16,2026-03-22,-3,"quantile",0.1,252705
"DE","15-34",2026-04-16,2026-03-22,-3,"quantile",0.125,252705
"DE","15-34",2026-04-16,2026-03-22,-3,"quantile",0.15,252705
"DE","15-34",2026-04-16,2026-03-22,-3,"quantile",0.175,252705
"DE","15-34",2026-04-16,2026-03-22,-3,"quantile",0.2,252705
"DE","15-34",2026-04-16,2026-03-22,-3,"quantile",0.225,252705
"DE","15-34",2026-04-16,2026-03-22,-3,"quantile",0.25,252705
"DE","15-34",2026-04-16,2026-03-22,-3,"quantile",0.275,252705
"DE","15-34",2026-04-16,2026-03-22,-3,"quantile",0.3,252705
"DE","15-34",2026-04-16,2026-03-22,-3,"quantile",0.325,252705
"DE","15-34",2026-04-16,2026-03-22,-3,"quantile",0.35,252705
"DE","15-34",2026-04-16,2026-03-22,-3,"quantile",0.375,252705
"DE","15-34",2026-04-16,2026-03-22,-3,"quantile",0.4,252705
"DE","15-34",2026-04-16,2026-03-22,-3,"quantile",0.425,252705
"DE","15-34",2026-04-16,2026-03-22,-3,"quantile",0.45,252705
"DE","15-34",2026-04-16,2026-03-22,-3,"quantile",0.475,252705
"DE","15-34",2026-04-16,2026-03-22,-3,"quantile",0.5,252705
"DE","15-34",2026-04-16,2026-03-22,-3,"quantile",0.525,252706
"DE","15-34",2026-04-16,2026-03-22,-3,"quantile",0.55,252706
"DE","15-34",2026-04-16,2026-03-22,-3,"quantile",0.575,252707
"DE","15-34",2026-04-16,2026-03-22,-3,"quantile",0.6,252708
"DE","15-34",2026-04-16,2026-03-22,-3,"quantile",0.625,252710
"DE","15-34",2026-04-16,2026-03-22,-3,"quantile",0.65,252712
"DE","15-34",2026-04-16,2026-03-22,-3,"quantile",0.675,252715
"DE","15-34",2026-04-16,2026-03-22,-3,"quantile",0.7,252720
"DE","15-34",2026-04-16,2026-03-22,-3,"quantile",0.725,252726
"DE","15-34",2026-04-16,2026-03-22,-3,"quantile",0.75,252735
"DE","15-34",2026-04-16,2026-03-22,-3,"quantile",0.775,252748
"DE","15-34",2026-04-16,2026-03-22,-3,"quantile",0.8,252765
"DE","15-34",2026-04-16,2026-03-22,-3,"quantile",0.825,252788
"DE","15-34",2026-04-16,2026-03-22,-3,"quantile",0.85,252821
"DE","15-34",2026-04-16,2026-03-22,-3,"quantile",0.875,252867
"DE","15-34",2026-04-16,2026-03-22,-3,"quantile",0.9,252934
"DE","15-34",2026-04-16,2026-03-22,-3,"quantile",0.925,253036
"DE","15-34",2026-04-16,2026-03-22,-3,"quantile",0.95,253205
"DE","15-34",2026-04-16,2026-03-22,-3,"quantile",0.975,253548
"DE","35-59",2026-04-16,2026-04-12,0,"mean",NA,264805
"DE","35-59",2026-04-16,2026-04-12,0,"quantile",0.025,257801
"DE","35-59",2026-04-16,2026-04-12,0,"quantile",0.05,257801
"DE","35-59",2026-04-16,2026-04-12,0,"quantile",0.075,257801
"DE","35-59",2026-04-16,2026-04-12,0,"quantile",0.1,257801
"DE","35-59",2026-04-16,2026-04-12,0,"quantile",0.125,257802
"DE","35-59",2026-04-16,2026-04-12,0,"quantile",0.15,257804
"DE","35-59",2026-04-16,2026-04-12,0,"quantile",0.175,257807
"DE","35-59",2026-04-16,2026-04-12,0,"quantile",0.2,257812
"DE","35-59",2026-04-16,2026-04-12,0,"quantile",0.225,257821
"DE","35-59",2026-04-16,2026-04-12,0,"quantile",0.25,257834
"DE","35-59",2026-04-16,2026-04-12,0,"quantile",0.275,257852
"DE","35-59",2026-04-16,2026-04-12,0,"quantile",0.3,257878
"DE","35-59",2026-04-16,2026-04-12,0,"quantile",0.325,257913
"DE","35-59",2026-04-16,2026-04-12,0,"quantile",0.35,257960
"DE","35-59",2026-04-16,2026-04-12,0,"quantile",0.375,258021
"DE","35-59",2026-04-16,2026-04-12,0,"quantile",0.4,258099
"DE","35-59",2026-04-16,2026-04-12,0,"quantile",0.425,258198
"DE","35-59",2026-04-16,2026-04-12,0,"quantile",0.45,258322
"DE","35-59",2026-04-16,2026-04-12,0,"quantile",0.475,258475
"DE","35-59",2026-04-16,2026-04-12,0,"quantile",0.5,258661
"DE","35-59",2026-04-16,2026-04-12,0,"quantile",0.525,258888
"DE","35-59",2026-04-16,2026-04-12,0,"quantile",0.55,259162
"DE","35-59",2026-04-16,2026-04-12,0,"quantile",0.575,259490
"DE","35-59",2026-04-16,2026-04-12,0,"quantile",0.6,259883
"DE","35-59",2026-04-16,2026-04-12,0,"quantile",0.625,260350
"DE","35-59",2026-04-16,2026-04-12,0,"quantile",0.65,260905
"DE","35-59",2026-04-16,2026-04-12,0,"quantile",0.675,261565
"DE","35-59",2026-04-16,2026-04-12,0,"quantile",0.7,262348
"DE","35-59",2026-04-16,2026-04-12,0,"quantile",0.725,263279
"DE","35-59",2026-04-16,2026-04-12,0,"quantile",0.75,264391
"DE","35-59",2026-04-16,2026-04-12,0,"quantile",0.775,265725
"DE","35-59",2026-04-16,2026-04-12,0,"quantile",0.8,267338
"DE","35-59",2026-04-16,2026-04-12,0,"quantile",0.825,269312
"DE","35-59",2026-04-16,2026-04-12,0,"quantile",0.85,271764
"DE","35-59",2026-04-16,2026-04-12,0,"quantile",0.875,274880
"DE","35-59",2026-04-16,2026-04-12,0,"quantile",0.9,278976
"DE","35-59",2026-04-16,2026-04-12,0,"quantile",0.925,284648
"DE","35-59",2026-04-16,2026-04-12,0,"quantile",0.95,293261
"DE","35-59",2026-04-16,2026-04-12,0,"quantile",0.975,309266
"DE","35-59",2026-04-16,2026-04-05,-1,"mean",NA,234777
"DE","35-59",2026-04-16,2026-04-05,-1,"quantile",0.025,233139
"DE","35-59",2026-04-16,2026-04-05,-1,"quantile",0.05,233139
"DE","35-59",2026-04-16,2026-04-05,-1,"quantile",0.075,233139
"DE","35-59",2026-04-16,2026-04-05,-1,"quantile",0.1,233139
"DE","35-59",2026-04-16,2026-04-05,-1,"quantile",0.125,233139
"DE","35-59",2026-04-16,2026-04-05,-1,"quantile",0.15,233139
"DE","35-59",2026-04-16,2026-04-05,-1,"quantile",0.175,233139
"DE","35-59",2026-04-16,2026-04-05,-1,"quantile",0.2,233139
"DE","35-59",2026-04-16,2026-04-05,-1,"quantile",0.225,233139
"DE","35-59",2026-04-16,2026-04-05,-1,"quantile",0.25,233139
"DE","35-59",2026-04-16,2026-04-05,-1,"quantile",0.275,233139
"DE","35-59",2026-04-16,2026-04-05,-1,"quantile",0.3,233139
"DE","35-59",2026-04-16,2026-04-05,-1,"quantile",0.325,233139
"DE","35-59",2026-04-16,2026-04-05,-1,"quantile",0.35,233139
"DE","35-59",2026-04-16,2026-04-05,-1,"quantile",0.375,233139
"DE","35-59",2026-04-16,2026-04-05,-1,"quantile",0.4,233140
"DE","35-59",2026-04-16,2026-04-05,-1,"quantile",0.425,233141
"DE","35-59",2026-04-16,2026-04-05,-1,"quantile",0.45,233142
"DE","35-59",2026-04-16,2026-04-05,-1,"quantile",0.475,233145
"DE","35-59",2026-04-16,2026-04-05,-1,"quantile",0.5,233149
"DE","35-59",2026-04-16,2026-04-05,-1,"quantile",0.525,233155
"DE","35-59",2026-04-16,2026-04-05,-1,"quantile",0.55,233164
"DE","35-59",2026-04-16,2026-04-05,-1,"quantile",0.575,233178
"DE","35-59",2026-04-16,2026-04-05,-1,"quantile",0.6,233200
"DE","35-59",2026-04-16,2026-04-05,-1,"quantile",0.625,233230
"DE","35-59",2026-04-16,2026-04-05,-1,"quantile",0.65,233274
"DE","35-59",2026-04-16,2026-04-05,-1,"quantile",0.675,233337
"DE","35-59",2026-04-16,2026-04-05,-1,"quantile",0.7,233425
"DE","35-59",2026-04-16,2026-04-05,-1,"quantile",0.725,233548
"DE","35-59",2026-04-16,2026-04-05,-1,"quantile",0.75,233718
"DE","35-59",2026-04-16,2026-04-05,-1,"quantile",0.775,233953
"DE","35-59",2026-04-16,2026-04-05,-1,"quantile",0.8,234277
"DE","35-59",2026-04-16,2026-04-05,-1,"quantile",0.825,234724
"DE","35-59",2026-04-16,2026-04-05,-1,"quantile",0.85,235346
"DE","35-59",2026-04-16,2026-04-05,-1,"quantile",0.875,236226
"DE","35-59",2026-04-16,2026-04-05,-1,"quantile",0.9,237500
"DE","35-59",2026-04-16,2026-04-05,-1,"quantile",0.925,239437
"DE","35-59",2026-04-16,2026-04-05,-1,"quantile",0.95,242647
"DE","35-59",2026-04-16,2026-04-05,-1,"quantile",0.975,249154
"DE","35-59",2026-04-16,2026-03-29,-2,"mean",NA,299229
"DE","35-59",2026-04-16,2026-03-29,-2,"quantile",0.025,298808
"DE","35-59",2026-04-16,2026-03-29,-2,"quantile",0.05,298808
"DE","35-59",2026-04-16,2026-03-29,-2,"quantile",0.075,298808
"DE","35-59",2026-04-16,2026-03-29,-2,"quantile",0.1,298808
"DE","35-59",2026-04-16,2026-03-29,-2,"quantile",0.125,298808
"DE","35-59",2026-04-16,2026-03-29,-2,"quantile",0.15,298808
"DE","35-59",2026-04-16,2026-03-29,-2,"quantile",0.175,298808
"DE","35-59",2026-04-16,2026-03-29,-2,"quantile",0.2,298808
"DE","35-59",2026-04-16,2026-03-29,-2,"quantile",0.225,298808
"DE","35-59",2026-04-16,2026-03-29,-2,"quantile",0.25,298808
"DE","35-59",2026-04-16,2026-03-29,-2,"quantile",0.275,298808
"DE","35-59",2026-04-16,2026-03-29,-2,"quantile",0.3,298808
"DE","35-59",2026-04-16,2026-03-29,-2,"quantile",0.325,298808
"DE","35-59",2026-04-16,2026-03-29,-2,"quantile",0.35,298808
"DE","35-59",2026-04-16,2026-03-29,-2,"quantile",0.375,298808
"DE","35-59",2026-04-16,2026-03-29,-2,"quantile",0.4,298808
"DE","35-59",2026-04-16,2026-03-29,-2,"quantile",0.425,298808
"DE","35-59",2026-04-16,2026-03-29,-2,"quantile",0.45,298809
"DE","35-59",2026-04-16,2026-03-29,-2,"quantile",0.475,298809
"DE","35-59",2026-04-16,2026-03-29,-2,"quantile",0.5,298810
"DE","35-59",2026-04-16,2026-03-29,-2,"quantile",0.525,298812
"DE","35-59",2026-04-16,2026-03-29,-2,"quantile",0.55,298814
"DE","35-59",2026-04-16,2026-03-29,-2,"quantile",0.575,298818
"DE","35-59",2026-04-16,2026-03-29,-2,"quantile",0.6,298824
"DE","35-59",2026-04-16,2026-03-29,-2,"quantile",0.625,298831
"DE","35-59",2026-04-16,2026-03-29,-2,"quantile",0.65,298843
"DE","35-59",2026-04-16,2026-03-29,-2,"quantile",0.675,298859
"DE","35-59",2026-04-16,2026-03-29,-2,"quantile",0.7,298881
"DE","35-59",2026-04-16,2026-03-29,-2,"quantile",0.725,298913
"DE","35-59",2026-04-16,2026-03-29,-2,"quantile",0.75,298957
"DE","35-59",2026-04-16,2026-03-29,-2,"quantile",0.775,299017
"DE","35-59",2026-04-16,2026-03-29,-2,"quantile",0.8,299100
"DE","35-59",2026-04-16,2026-03-29,-2,"quantile",0.825,299215
"DE","35-59",2026-04-16,2026-03-29,-2,"quantile",0.85,299375
"DE","35-59",2026-04-16,2026-03-29,-2,"quantile",0.875,299601
"DE","35-59",2026-04-16,2026-03-29,-2,"quantile",0.9,299928
"DE","35-59",2026-04-16,2026-03-29,-2,"quantile",0.925,300426
"DE","35-59",2026-04-16,2026-03-29,-2,"quantile",0.95,301251
"DE","35-59",2026-04-16,2026-03-29,-2,"quantile",0.975,302923
"DE","35-59",2026-04-16,2026-03-22,-3,"mean",NA,304934
"DE","35-59",2026-04-16,2026-03-22,-3,"quantile",0.025,304830
"DE","35-59",2026-04-16,2026-03-22,-3,"quantile",0.05,304830
"DE","35-59",2026-04-16,2026-03-22,-3,"quantile",0.075,304830
"DE","35-59",2026-04-16,2026-03-22,-3,"quantile",0.1,304830
"DE","35-59",2026-04-16,2026-03-22,-3,"quantile",0.125,304830
"DE","35-59",2026-04-16,2026-03-22,-3,"quantile",0.15,304830
"DE","35-59",2026-04-16,2026-03-22,-3,"quantile",0.175,304830
"DE","35-59",2026-04-16,2026-03-22,-3,"quantile",0.2,304830
"DE","35-59",2026-04-16,2026-03-22,-3,"quantile",0.225,304830
"DE","35-59",2026-04-16,2026-03-22,-3,"quantile",0.25,304830
"DE","35-59",2026-04-16,2026-03-22,-3,"quantile",0.275,304830
"DE","35-59",2026-04-16,2026-03-22,-3,"quantile",0.3,304830
"DE","35-59",2026-04-16,2026-03-22,-3,"quantile",0.325,304830
"DE","35-59",2026-04-16,2026-03-22,-3,"quantile",0.35,304830
"DE","35-59",2026-04-16,2026-03-22,-3,"quantile",0.375,304830
"DE","35-59",2026-04-16,2026-03-22,-3,"quantile",0.4,304830
"DE","35-59",2026-04-16,2026-03-22,-3,"quantile",0.425,304830
"DE","35-59",2026-04-16,2026-03-22,-3,"quantile",0.45,304830
"DE","35-59",2026-04-16,2026-03-22,-3,"quantile",0.475,304830
"DE","35-59",2026-04-16,2026-03-22,-3,"quantile",0.5,304831
"DE","35-59",2026-04-16,2026-03-22,-3,"quantile",0.525,304831
"DE","35-59",2026-04-16,2026-03-22,-3,"quantile",0.55,304832
"DE","35-59",2026-04-16,2026-03-22,-3,"quantile",0.575,304832
"DE","35-59",2026-04-16,2026-03-22,-3,"quantile",0.6,304834
"DE","35-59",2026-04-16,2026-03-22,-3,"quantile",0.625,304836
"DE","35-59",2026-04-16,2026-03-22,-3,"quantile",0.65,304839
"DE","35-59",2026-04-16,2026-03-22,-3,"quantile",0.675,304843
"DE","35-59",2026-04-16,2026-03-22,-3,"quantile",0.7,304848
"DE","35-59",2026-04-16,2026-03-22,-3,"quantile",0.725,304856
"DE","35-59",2026-04-16,2026-03-22,-3,"quantile",0.75,304867
"DE","35-59",2026-04-16,2026-03-22,-3,"quantile",0.775,304882
"DE","35-59",2026-04-16,2026-03-22,-3,"quantile",0.8,304902
"DE","35-59",2026-04-16,2026-03-22,-3,"quantile",0.825,304931
"DE","35-59",2026-04-16,2026-03-22,-3,"quantile",0.85,304970
"DE","35-59",2026-04-16,2026-03-22,-3,"quantile",0.875,305026
"DE","35-59",2026-04-16,2026-03-22,-3,"quantile",0.9,305107
"DE","35-59",2026-04-16,2026-03-22,-3,"quantile",0.925,305230
"DE","35-59",2026-04-16,2026-03-22,-3,"quantile",0.95,305434
"DE","35-59",2026-04-16,2026-03-22,-3,"quantile",0.975,305847
"DE","60+",2026-04-16,2026-04-12,0,"mean",NA,119240
"DE","60+",2026-04-16,2026-04-12,0,"quantile",0.025,116086
"DE","60+",2026-04-16,2026-04-12,0,"quantile",0.05,116086
"DE","60+",2026-04-16,2026-04-12,0,"quantile",0.075,116086
"DE","60+",2026-04-16,2026-04-12,0,"quantile",0.1,116086
"DE","60+",2026-04-16,2026-04-12,0,"quantile",0.125,116086
"DE","60+",2026-04-16,2026-04-12,0,"quantile",0.15,116087
"DE","60+",2026-04-16,2026-04-12,0,"quantile",0.175,116089
"DE","60+",2026-04-16,2026-04-12,0,"quantile",0.2,116091
"DE","60+",2026-04-16,2026-04-12,0,"quantile",0.225,116095
"DE","60+",2026-04-16,2026-04-12,0,"quantile",0.25,116101
"DE","60+",2026-04-16,2026-04-12,0,"quantile",0.275,116109
"DE","60+",2026-04-16,2026-04-12,0,"quantile",0.3,116121
"DE","60+",2026-04-16,2026-04-12,0,"quantile",0.325,116137
"DE","60+",2026-04-16,2026-04-12,0,"quantile",0.35,116158
"DE","60+",2026-04-16,2026-04-12,0,"quantile",0.375,116185
"DE","60+",2026-04-16,2026-04-12,0,"quantile",0.4,116220
"DE","60+",2026-04-16,2026-04-12,0,"quantile",0.425,116265
"DE","60+",2026-04-16,2026-04-12,0,"quantile",0.45,116321
"DE","60+",2026-04-16,2026-04-12,0,"quantile",0.475,116389
"DE","60+",2026-04-16,2026-04-12,0,"quantile",0.5,116473
"DE","60+",2026-04-16,2026-04-12,0,"quantile",0.525,116576
"DE","60+",2026-04-16,2026-04-12,0,"quantile",0.55,116699
"DE","60+",2026-04-16,2026-04-12,0,"quantile",0.575,116847
"DE","60+",2026-04-16,2026-04-12,0,"quantile",0.6,117023
"DE","60+",2026-04-16,2026-04-12,0,"quantile",0.625,117234
"DE","60+",2026-04-16,2026-04-12,0,"quantile",0.65,117484
"DE","60+",2026-04-16,2026-04-12,0,"quantile",0.675,117781
"DE","60+",2026-04-16,2026-04-12,0,"quantile",0.7,118133
"DE","60+",2026-04-16,2026-04-12,0,"quantile",0.725,118553
"DE","60+",2026-04-16,2026-04-12,0,"quantile",0.75,119053
"DE","60+",2026-04-16,2026-04-12,0,"quantile",0.775,119654
"DE","60+",2026-04-16,2026-04-12,0,"quantile",0.8,120381
"DE","60+",2026-04-16,2026-04-12,0,"quantile",0.825,121269
"DE","60+",2026-04-16,2026-04-12,0,"quantile",0.85,122373
"DE","60+",2026-04-16,2026-04-12,0,"quantile",0.875,123777
"DE","60+",2026-04-16,2026-04-12,0,"quantile",0.9,125621
"DE","60+",2026-04-16,2026-04-12,0,"quantile",0.925,128175
"DE","60+",2026-04-16,2026-04-12,0,"quantile",0.95,132054
"DE","60+",2026-04-16,2026-04-12,0,"quantile",0.975,139261
"DE","60+",2026-04-16,2026-04-05,-1,"mean",NA,121025
"DE","60+",2026-04-16,2026-04-05,-1,"quantile",0.025,120181
"DE","60+",2026-04-16,2026-04-05,-1,"quantile",0.05,120181
"DE","60+",2026-04-16,2026-04-05,-1,"quantile",0.075,120181
"DE","60+",2026-04-16,2026-04-05,-1,"quantile",0.1,120181
"DE","60+",2026-04-16,2026-04-05,-1,"quantile",0.125,120181
"DE","60+",2026-04-16,2026-04-05,-1,"quantile",0.15,120181
"DE","60+",2026-04-16,2026-04-05,-1,"quantile",0.175,120181
"DE","60+",2026-04-16,2026-04-05,-1,"quantile",0.2,120181
"DE","60+",2026-04-16,2026-04-05,-1,"quantile",0.225,120181
"DE","60+",2026-04-16,2026-04-05,-1,"quantile",0.25,120181
"DE","60+",2026-04-16,2026-04-05,-1,"quantile",0.275,120181
"DE","60+",2026-04-16,2026-04-05,-1,"quantile",0.3,120181
"DE","60+",2026-04-16,2026-04-05,-1,"quantile",0.325,120181
"DE","60+",2026-04-16,2026-04-05,-1,"quantile",0.35,120181
"DE","60+",2026-04-16,2026-04-05,-1,"quantile",0.375,120181
"DE","60+",2026-04-16,2026-04-05,-1,"quantile",0.4,120181
"DE","60+",2026-04-16,2026-04-05,-1,"quantile",0.425,120182
"DE","60+",2026-04-16,2026-04-05,-1,"quantile",0.45,120183
"DE","60+",2026-04-16,2026-04-05,-1,"quantile",0.475,120184
"DE","60+",2026-04-16,2026-04-05,-1,"quantile",0.5,120186
"DE","60+",2026-04-16,2026-04-05,-1,"quantile",0.525,120189
"DE","60+",2026-04-16,2026-04-05,-1,"quantile",0.55,120194
"DE","60+",2026-04-16,2026-04-05,-1,"quantile",0.575,120201
"DE","60+",2026-04-16,2026-04-05,-1,"quantile",0.6,120212
"DE","60+",2026-04-16,2026-04-05,-1,"quantile",0.625,120228
"DE","60+",2026-04-16,2026-04-05,-1,"quantile",0.65,120251
"DE","60+",2026-04-16,2026-04-05,-1,"quantile",0.675,120283
"DE","60+",2026-04-16,2026-04-05,-1,"quantile",0.7,120328
"DE","60+",2026-04-16,2026-04-05,-1,"quantile",0.725,120392
"DE","60+",2026-04-16,2026-04-05,-1,"quantile",0.75,120480
"DE","60+",2026-04-16,2026-04-05,-1,"quantile",0.775,120601
"DE","60+",2026-04-16,2026-04-05,-1,"quantile",0.8,120768
"DE","60+",2026-04-16,2026-04-05,-1,"quantile",0.825,120998
"DE","60+",2026-04-16,2026-04-05,-1,"quantile",0.85,121319
"DE","60+",2026-04-16,2026-04-05,-1,"quantile",0.875,121772
"DE","60+",2026-04-16,2026-04-05,-1,"quantile",0.9,122429
"DE","60+",2026-04-16,2026-04-05,-1,"quantile",0.925,123427
"DE","60+",2026-04-16,2026-04-05,-1,"quantile",0.95,125082
"DE","60+",2026-04-16,2026-04-05,-1,"quantile",0.975,128437
"DE","60+",2026-04-16,2026-03-29,-2,"mean",NA,111667
"DE","60+",2026-04-16,2026-03-29,-2,"quantile",0.025,111510
"DE","60+",2026-04-16,2026-03-29,-2,"quantile",0.05,111510
"DE","60+",2026-04-16,2026-03-29,-2,"quantile",0.075,111510
"DE","60+",2026-04-16,2026-03-29,-2,"quantile",0.1,111510
"DE","60+",2026-04-16,2026-03-29,-2,"quantile",0.125,111510
"DE","60+",2026-04-16,2026-03-29,-2,"quantile",0.15,111510
"DE","60+",2026-04-16,2026-03-29,-2,"quantile",0.175,111510
"DE","60+",2026-04-16,2026-03-29,-2,"quantile",0.2,111510
"DE","60+",2026-04-16,2026-03-29,-2,"quantile",0.225,111510
"DE","60+",2026-04-16,2026-03-29,-2,"quantile",0.25,111510
"DE","60+",2026-04-16,2026-03-29,-2,"quantile",0.275,111510
"DE","60+",2026-04-16,2026-03-29,-2,"quantile",0.3,111510
"DE","60+",2026-04-16,2026-03-29,-2,"quantile",0.325,111510
"DE","60+",2026-04-16,2026-03-29,-2,"quantile",0.35,111510
"DE","60+",2026-04-16,2026-03-29,-2,"quantile",0.375,111510
"DE","60+",2026-04-16,2026-03-29,-2,"quantile",0.4,111510
"DE","60+",2026-04-16,2026-03-29,-2,"quantile",0.425,111510
"DE","60+",2026-04-16,2026-03-29,-2,"quantile",0.45,111510
"DE","60+",2026-04-16,2026-03-29,-2,"quantile",0.475,111510
"DE","60+",2026-04-16,2026-03-29,-2,"quantile",0.5,111511
"DE","60+",2026-04-16,2026-03-29,-2,"quantile",0.525,111511
"DE","60+",2026-04-16,2026-03-29,-2,"quantile",0.55,111512
"DE","60+",2026-04-16,2026-03-29,-2,"quantile",0.575,111514
"DE","60+",2026-04-16,2026-03-29,-2,"quantile",0.6,111516
"DE","60+",2026-04-16,2026-03-29,-2,"quantile",0.625,111519
"DE","60+",2026-04-16,2026-03-29,-2,"quantile",0.65,111523
"DE","60+",2026-04-16,2026-03-29,-2,"quantile",0.675,111529
"DE","60+",2026-04-16,2026-03-29,-2,"quantile",0.7,111537
"DE","60+",2026-04-16,2026-03-29,-2,"quantile",0.725,111549
"DE","60+",2026-04-16,2026-03-29,-2,"quantile",0.75,111566
"DE","60+",2026-04-16,2026-03-29,-2,"quantile",0.775,111588
"DE","60+",2026-04-16,2026-03-29,-2,"quantile",0.8,111619
"DE","60+",2026-04-16,2026-03-29,-2,"quantile",0.825,111662
"DE","60+",2026-04-16,2026-03-29,-2,"quantile",0.85,111722
"DE","60+",2026-04-16,2026-03-29,-2,"quantile",0.875,111806
"DE","60+",2026-04-16,2026-03-29,-2,"quantile",0.9,111928
"DE","60+",2026-04-16,2026-03-29,-2,"quantile",0.925,112114
"DE","60+",2026-04-16,2026-03-29,-2,"quantile",0.95,112422
"DE","60+",2026-04-16,2026-03-29,-2,"quantile",0.975,113046
"DE","60+",2026-04-16,2026-03-22,-3,"mean",NA,118776
"DE","60+",2026-04-16,2026-03-22,-3,"quantile",0.025,118736
"DE","60+",2026-04-16,2026-03-22,-3,"quantile",0.05,118736
"DE","60+",2026-04-16,2026-03-22,-3,"quantile",0.075,118736
"DE","60+",2026-04-16,2026-03-22,-3,"quantile",0.1,118736
"DE","60+",2026-04-16,2026-03-22,-3,"quantile",0.125,118736
"DE","60+",2026-04-16,2026-03-22,-3,"quantile",0.15,118736
"DE","60+",2026-04-16,2026-03-22,-3,"quantile",0.175,118736
"DE","60+",2026-04-16,2026-03-22,-3,"quantile",0.2,118736
"DE","60+",2026-04-16,2026-03-22,-3,"quantile",0.225,118736
"DE","60+",2026-04-16,2026-03-22,-3,"quantile",0.25,118736
"DE","60+",2026-04-16,2026-03-22,-3,"quantile",0.275,118736
"DE","60+",2026-04-16,2026-03-22,-3,"quantile",0.3,118736
"DE","60+",2026-04-16,2026-03-22,-3,"quantile",0.325,118736
"DE","60+",2026-04-16,2026-03-22,-3,"quantile",0.35,118736
"DE","60+",2026-04-16,2026-03-22,-3,"quantile",0.375,118736
"DE","60+",2026-04-16,2026-03-22,-3,"quantile",0.4,118736
"DE","60+",2026-04-16,2026-03-22,-3,"quantile",0.425,118736
"DE","60+",2026-04-16,2026-03-22,-3,"quantile",0.45,118736
"DE","60+",2026-04-16,2026-03-22,-3,"quantile",0.475,118736
"DE","60+",2026-04-16,2026-03-22,-3,"quantile",0.5,118736
"DE","60+",2026-04-16,2026-03-22,-3,"quantile",0.525,118736
"DE","60+",2026-04-16,2026-03-22,-3,"quantile",0.55,118737
"DE","60+",2026-04-16,2026-03-22,-3,"quantile",0.575,118737
"DE","60+",2026-04-16,2026-03-22,-3,"quantile",0.6,118737
"DE","60+",2026-04-16,2026-03-22,-3,"quantile",0.625,118738
"DE","60+",2026-04-16,2026-03-22,-3,"quantile",0.65,118739
"DE","60+",2026-04-16,2026-03-22,-3,"quantile",0.675,118741
"DE","60+",2026-04-16,2026-03-22,-3,"quantile",0.7,118743
"DE","60+",2026-04-16,2026-03-22,-3,"quantile",0.725,118746
"DE","60+",2026-04-16,2026-03-22,-3,"quantile",0.75,118750
"DE","60+",2026-04-16,2026-03-22,-3,"quantile",0.775,118756
"DE","60+",2026-04-16,2026-03-22,-3,"quantile",0.8,118764
"DE","60+",2026-04-16,2026-03-22,-3,"quantile",0.825,118775
"DE","60+",2026-04-16,2026-03-22,-3,"quantile",0.85,118791
"DE","60+",2026-04-16,2026-03-22,-3,"quantile",0.875,118812
"DE","60+",2026-04-16,2026-03-22,-3,"quantile",0.9,118844
"DE","60+",2026-04-16,2026-03-22,-3,"quantile",0.925,118892
"DE","60+",2026-04-16,2026-03-22,-3,"quantile",0.95,118971
"DE","60+",2026-04-16,2026-03-22,-3,"quantile",0.975,119132
